    {
        "moduleType": "build-your-first-using-product",
        "moduleTemplatePath": "..\\content-templates\\build-your-first-using-product\\index.yml",
        "moduleTitleTemplate": "Build your first TODO by using {product}",
        "units":[
          {
            "type": "introduction",
            "moduleUnitTemplatePath": "..\\content-templates\\default-units\\unit.yml",
            "contentTemplatePath": "..\\content-templates\\default-units\\introduction.md",
            "scaffoldFilename": "1-introduction",
            "unitTitleTemplate": "Introduction"
          },
          {
            "type": "learning-content",
            "moduleUnitTemplatePath": "..\\content-templates\\default-units\\unit.yml",
            "contentTemplatePath": "..\\content-templates\\default-units\\learning-content.md",
            "scaffoldFilename": "2-learning-content",
            "unitTitleTemplate": "Enter learning content title"
          },
          {
            "type": "exercise",
            "moduleUnitTemplatePath": "..\\content-templates\\default-units\\unit.yml",
            "contentTemplatePath": "..\\content-templates\\default-units\\exercise.md",
            "scaffoldFilename": "3-exercise",
            "unitTitleTemplate": "Enter exercise title"
          },
          {
            "type": "learning-content",
            "moduleUnitTemplatePath": "..\\content-templates\\default-units\\unit.yml",
            "contentTemplatePath": "..\\content-templates\\default-units\\learning-content.md",
            "scaffoldFilename": "4-learning-content",
            "unitTitleTemplate": "Enter learning content title"
          },
          {
            "type": "exercise",
            "moduleUnitTemplatePath": "..\\content-templates\\default-units\\unit.yml",
            "contentTemplatePath": "..\\content-templates\\default-units\\exercise.md",
            "scaffoldFilename": "5-exercise",
            "unitTitleTemplate": "Enter exercise title"
          },
          {
            "type": "knowledge-check",
            "moduleUnitTemplatePath": "..\\content-templates\\default-units\\knowledge-check-unit.yml",
            "scaffoldFilename": "6-knowledge-check",
            "unitTitleTemplate": "Knowledge check"
          },
          {
            "type": "summary",
            "moduleUnitTemplatePath": "..\\content-templates\\default-units\\unit.yml",
            "contentTemplatePath": "..\\content-templates\\default-units\\summary.md",
            "scaffoldFilename": "7-summary",
            "unitTitleTemplate": "Summary"
          }
        ]
      }      